<?xml version="1.0" encoding="utf-8" ?>

<Patch>

    <!-- ========== Shield Belt Tech Level ========== -->
  
    <Operation Class="PatchOperationAdd">
  	<xpath>*/ThingDef[defName="Apparel_ShieldBelt"]</xpath>
    <value>
      <techLevel>Spacer</techLevel>
    </value>
  </Operation>
  
    <!-- ========== Foil Helmet Tech Level ========== -->
  
    <Operation Class="PatchOperationAdd">
  	<xpath>*/ThingDef[defName="Apparel_PsychicFoilHelmet"]</xpath>
    <value>
      <techLevel>Industrial</techLevel>
    </value>
  </Operation>
  
     <!-- ========== Armor Vest Changes ========== -->
  
    <Operation Class="PatchOperationReplace">
  	<xpath>*/ThingDef[defName="Apparel_VestPlate"]/techLevel</xpath>
    <value>
      <techLevel>Medieval</techLevel>
    </value>
  </Operation>
  
     <Operation Class="PatchOperationReplace">
  	<xpath>*/ThingDef[defName="Apparel_VestPlate"]/label</xpath>
    <value>
      <label>cuirass</label>
    </value>
  </Operation>
  
     <Operation Class="PatchOperationReplace">
  	<xpath>*/ThingDef[defName="Apparel_VestPlate"]/description</xpath>
    <value>
      <description>A cuirass worn over the torso for protection against injury to the vital organs.</description>
    </value>
  </Operation>
  
     <!-- ========== Simple Helmet Changes ========== -->
  
    <Operation Class="PatchOperationReplace">
  	<xpath>*/ThingDef[defName="Apparel_SimpleHelmet"]/techLevel</xpath>
    <value>
      <techLevel>Medieval</techLevel>
    </value>
  </Operation>
  
     <Operation Class="PatchOperationReplace">
  	<xpath>*/ThingDef[defName="Apparel_SimpleHelmet"]/label</xpath>
    <value>
      <label>helmet</label>
    </value>
  </Operation>
  
     <!-- ========== Make Armor Craftable At Smithy ========== -->
  
      <Operation Class="PatchOperationAdd">
  	<xpath>*/ThingDef[defName="Apparel_VestPlate"]/recipeMaker</xpath>
		<value>
			<recipeUsers>
				<li>FueledSmithy</li>
			</recipeUsers>
		</value>
	</Operation>
	
      <Operation Class="PatchOperationAdd">
  	<xpath>*/ThingDef[defName="Apparel_SimpleHelmet"]</xpath>
		<value>
		  <recipeMaker>
			<recipeUsers>
				<li>FueledSmithy</li>
			</recipeUsers>
		  </recipeMaker>
		</value>
	</Operation>
  
     <!-- ========== Trade Tag Removal ========== -->
  
   <Operation Class="PatchOperationRemove">
  	<xpath>*/ThingDef[defName="GlitterworldMedicine"]/tradeTags</xpath>
   </Operation>
   
   <Operation Class="PatchOperationRemove">
  	<xpath>*/ThingDef[defName="AIPersonaCore"]/tradeTags</xpath>
   </Operation>
   
   <Operation Class="PatchOperationRemove">
  	<xpath>*/ThingDef[defName="Gun_TripleRocket"]/tradeTags</xpath>
   </Operation>
   
   <Operation Class="PatchOperationRemove">
  	<xpath>*/ThingDef[defName="Gun_DoomsdayRocket"]/tradeTags</xpath>
   </Operation>
   
     <!-- ========== Advanced Armor Tag Removal ========== -->
  
   <Operation Class="PatchOperationRemove">
  	<xpath>*/ThingDef[defName="Apparel_PowerArmor"]/apparel/tags</xpath>
   </Operation>
   
   <Operation Class="PatchOperationRemove">
  	<xpath>*/ThingDef[defName="Apparel_AdvancedHelmet"]/apparel/tags</xpath>
   </Operation>
   
   <Operation Class="PatchOperationRemove">
  	<xpath>*/ThingDef[defName="Apparel_PowerArmorHelmet"]/apparel/tags</xpath>
   </Operation>
   
   <Operation Class="PatchOperationRemove">
  	<xpath>*/ThingDef[defName="Apparel_PsychicFoilHelmet"]/apparel/tags</xpath>
   </Operation>

     <!-- ========== Molotov Tag Change ========== -->
   
   <Operation Class="PatchOperationReplace">
    <xpath>*/ThingDef[defName="Weapon_GrenadeMolotov"]/weaponTags/li[.="GrenadeDestructive"]</xpath>
      <value>
        <li>Molotov</li>
      </value>
  </Operation>
  
     <!-- ========== Chemfuel Changes ========== -->
  
    <Operation Class="PatchOperationReplace">
  	<xpath>*/ThingDef[defName="Chemfuel"]/statBases/MarketValue</xpath>
    <value>
      <MarketValue>1.2</MarketValue>
    </value>
  </Operation>
  
    <Operation Class="PatchOperationReplace">
  	<xpath>*/RecipeDef[defName="MakeChemfuelFromWood"]/products/Chemfuel</xpath>
    <value>
      <Chemfuel>100</Chemfuel>
    </value>
  </Operation>
  
     <!-- ========== Mech Serum Changes ========== -->
  
    <Operation Class="PatchOperationReplace">
  	<xpath>*/ThingDef[defName="MechSerumNeurotrainer"]/techLevel</xpath>
    <value>
      <techLevel>Medieval</techLevel>
    </value>
  </Operation>
  
     <Operation Class="PatchOperationReplace">
  	<xpath>*/ThingDef[defName="MechSerumNeurotrainer"]/label</xpath>
    <value>
      <label>Elixir of Enlightenment</label>
    </value>
  </Operation>
  
     <Operation Class="PatchOperationReplace">
  	<xpath>*/ThingDef[defName="MechSerumNeurotrainer"]/description</xpath>
    <value>
      <description>Concocted centuries ago by a powerful alchemist with methods long lost to time, this single-use elixir grants its user advanced knowledge and experience within a specific skill. </description>
    </value>
  </Operation>
  
    <Operation Class="PatchOperationReplace">
  	<xpath>*/ThingDef[defName="MechSerumHealer"]/techLevel</xpath>
    <value>
      <techLevel>Medieval</techLevel>
    </value>
  </Operation>
  
     <Operation Class="PatchOperationReplace">
  	<xpath>*/ThingDef[defName="MechSerumHealer"]/label</xpath>
    <value>
      <label>Elixir of Healing</label>
    </value>
  </Operation>
  
     <Operation Class="PatchOperationReplace">
  	<xpath>*/ThingDef[defName="MechSerumHealer"]/description</xpath>
    <value>
      <description>Concocted centuries ago by a powerful alchemist with methods long lost to time, this single-use elixir has the power to heal any single injury regardless of severity.</description>
    </value>
  </Operation>
  
    <Operation Class="PatchOperationReplace">
  	<xpath>*/ThingDef[defName="MechSerumResurrector"]/techLevel</xpath>
    <value>
      <techLevel>Medieval</techLevel>
    </value>
  </Operation>
  
     <Operation Class="PatchOperationReplace">
  	<xpath>*/ThingDef[defName="MechSerumResurrector"]/label</xpath>
    <value>
      <label>Elixir of Life</label>
    </value>
  </Operation>
  
     <Operation Class="PatchOperationReplace">
  	<xpath>*/ThingDef[defName="MechSerumResurrector"]/description</xpath>
    <value>
      <description>Concocted centuries ago by a powerful alchemist with methods long lost to time, this single-use elixir has the miraculous power to grant life to the dead. However, there can be side effects to resurrection, and the likelihood and severity of the side effects increase the more decomposed the corpse is.</description>
    </value>
  </Operation>
  
     <!-- ========== Technology Helper Persona Changes ========== -->
  
    <Operation Class="PatchOperationReplace">
  	<xpath>*/ThingDef[defName="TechprofSubpersonaCore"]/techLevel</xpath>
    <value>
      <techLevel>Medieval</techLevel>
    </value>
  </Operation>
  
     <Operation Class="PatchOperationReplace">
  	<xpath>*/ThingDef[defName="TechprofSubpersonaCore"]/label</xpath>
    <value>
      <label>Relic of Forbidden Knowledge</label>
    </value>
  </Operation>
  
     <Operation Class="PatchOperationReplace">
  	<xpath>*/ThingDef[defName="TechprofSubpersonaCore"]/description</xpath>
    <value>
      <description>This ancient relic of unknown origin instantly grants it's user the knowledge of an unknown technology. Can only be used once.</description>
    </value>
  </Operation>
   
</Patch>