<?xml version="1.0" encoding="utf-8" ?>
<Patch>

<!-- ========== CE Pawn Changes ========== -->

<Operation Class="PatchOperationSequence">
  <success>Always</success>
  <operations>
    <li Class="PatchOperationReplace">
    <xpath>*/PawnKindDef/weaponTags/li[.="CE_MachineGun"]</xpath>
      <value>
        <li>Gun</li>
      </value>
    </li>
  </operations>
</Operation>

<Operation Class="PatchOperationSequence">
  <success>Always</success>
  <operations>
    <li Class="PatchOperationReplace">
    <xpath>*/PawnKindDef[defName="MercenaryMachineGunner"]/label</xpath>
      <value>
        <label>Mercenary gunman</label>
      </value>
    </li>
  </operations>
</Operation>

</Patch>

