<?xml version="1.0" encoding="utf-8" ?>

<Patch>
  
    <!-- ========== ADS Medical Disabling ========== -->

<Operation Class="PatchOperationSequence">
  <success>Always</success>
  <operations>
    <li Class="PatchOperationAdd">
    <xpath>*/ThingDef[defName="BionicLegAnimal"]</xpath>
		<value>
			<tradeability>Never</tradeability>
			<destroyOnDrop>True</destroyOnDrop>
			<menuHidden>True</menuHidden>
		</value>
    </li>
    <li Class="PatchOperationAdd">
    <xpath>*/ThingDef[defName="BionicArmAnimal"]</xpath>
		<value>
			<tradeability>Never</tradeability>
			<destroyOnDrop>True</destroyOnDrop>
			<menuHidden>True</menuHidden>
		</value>
    </li>
    <li Class="PatchOperationAdd">
    <xpath>*/ThingDef[defName="BionicEyeAnimal"]</xpath>
		<value>
			<tradeability>Never</tradeability>
			<destroyOnDrop>True</destroyOnDrop>
			<menuHidden>True</menuHidden>
		</value>
    </li>
    <li Class="PatchOperationAdd">
    <xpath>*/ThingDef[defName="EarAnimalBionic"]</xpath>
		<value>
			<tradeability>Never</tradeability>
			<destroyOnDrop>True</destroyOnDrop>
			<menuHidden>True</menuHidden>
		</value>
    </li>
    <li Class="PatchOperationAdd">
    <xpath>*/ThingDef[defName="JawAnimalBionic"]</xpath>
		<value>
			<tradeability>Never</tradeability>
			<destroyOnDrop>True</destroyOnDrop>
			<menuHidden>True</menuHidden>
		</value>
    </li>
    <li Class="PatchOperationAdd">
    <xpath>*/ThingDef[defName="SpineAnimalBionic"]</xpath>
		<value>
			<tradeability>Never</tradeability>
			<destroyOnDrop>True</destroyOnDrop>
			<menuHidden>True</menuHidden>
		</value>
    </li>
    <li Class="PatchOperationAdd">
    <xpath>*/ThingDef[defName="BionicAnimalHeart"]</xpath>
		<value>
			<tradeability>Never</tradeability>
			<destroyOnDrop>True</destroyOnDrop>
			<menuHidden>True</menuHidden>
		</value>
    </li>
    <li Class="PatchOperationAdd">
    <xpath>*/ThingDef[defName="BionicAnimalLung"]</xpath>
		<value>
			<tradeability>Never</tradeability>
			<destroyOnDrop>True</destroyOnDrop>
			<menuHidden>True</menuHidden>
		</value>
    </li>
    <li Class="PatchOperationAdd">
    <xpath>*/ThingDef[defName="BionicAnimalLiver"]</xpath>
		<value>
			<tradeability>Never</tradeability>
			<destroyOnDrop>True</destroyOnDrop>
			<menuHidden>True</menuHidden>
		</value>
    </li>
    <li Class="PatchOperationAdd">
    <xpath>*/ThingDef[defName="BionicAnimalKidney"]</xpath>
		<value>
			<tradeability>Never</tradeability>
			<destroyOnDrop>True</destroyOnDrop>
			<menuHidden>True</menuHidden>
		</value>
    </li>
    <li Class="PatchOperationAdd">
    <xpath>*/ThingDef[defName="BionicAnimalStomach"]</xpath>
		<value>
			<tradeability>Never</tradeability>
			<destroyOnDrop>True</destroyOnDrop>
			<menuHidden>True</menuHidden>
		</value>
    </li>
    <li Class="PatchOperationAdd">
    <xpath>*/ThingDef[defName="AnimalBrainStimulator"]</xpath>
		<value>
			<tradeability>Never</tradeability>
			<destroyOnDrop>True</destroyOnDrop>
			<menuHidden>True</menuHidden>
		</value>
    </li>
  </operations>
</Operation>

</Patch>