﻿<?xml version="1.0" encoding="utf-8" ?>
<Defs>
<!-- ==================== Raw Production ====================== -->     

 <!-- Coal to Chemfuel -->  
	<RecipeDef>
		<defName>MedTimes_MakeChemfuelCoal</defName>
		<label>make chemfuel from coal</label>
		<description>Make a batch of chemfuel using coal by hydrogenation.</description>
		<jobString>Refining chemfuel from coal.</jobString>
		<effectWorking>Cremate</effectWorking>
		<soundWorking>Recipe_Cremate</soundWorking>
		<workAmount>2500</workAmount>
		<workSkill>Intellectual</workSkill>
			<recipeUsers>
				<li>Refinery</li>	  
			</recipeUsers>		
		<ingredients>
			<li>
				<filter>
					<thingDefs>
						<li>MedTimes_Resource_Coal</li>
					</thingDefs>
				</filter>
				<count>50</count>
			</li>
		</ingredients>
		<fixedIngredientFilter>
			<thingDefs>
				<li>MedTimes_Resource_Coal</li>
			</thingDefs>
		</fixedIngredientFilter>
		<products>
			<Chemfuel>35</Chemfuel>
		</products>
	</RecipeDef>  
	
<!-- Wood to Coal -->  
	<RecipeDef>
		<defName>MedTimes_MakeCoalFromWood</defName>
		<label>make coal chunks from wood</label>
		<description>Make a batch of coal chunks by burning wood.</description>
		<jobString>Refining coal from wood.</jobString>
		<effectWorking>Cremate</effectWorking>
		<soundWorking>Recipe_Cremate</soundWorking>
		<workAmount>1200</workAmount>
		<workSkill>Crafting</workSkill>
			<recipeUsers>
        <li>CraftingSpot</li>				
			</recipeUsers>		
		<ingredients>
			<li>
				<filter>
					<thingDefs>
						<li>WoodLog</li>
					</thingDefs>
				</filter>
				<count>50</count>
			</li>
		</ingredients>
		<fixedIngredientFilter>
			<thingDefs>
				<li>WoodLog</li>
			</thingDefs>
		</fixedIngredientFilter>
		<products>
			<MedTimes_Resource_Coal>35</MedTimes_Resource_Coal>
		</products>
	</RecipeDef>  	
  
<!-- ==================== Stone Quarry ====================== -->    
<!-- Coal Chunks -->
	<RecipeDef>
		<defName>MedTimes_MakeStoneChunks_Coal</defName>
		<description>(Bulk x25) Mine from underground Coal Seams to create usable Coal Chunks.</description>		
		<workAmount>2000</workAmount>		
		<label>Gather Coal Chunks</label>
		<jobString>Mining for Coal Chunks.</jobString>
		<workSpeedStat>MiningSpeed</workSpeedStat>
		<workSkill>Mining</workSkill>
		<workSkillLearnFactor>0.25</workSkillLearnFactor>
		<effectWorking>CutStone</effectWorking>
		<soundWorking>Recipe_MakeStoneBlocks</soundWorking>
		<targetCountAdjustment>25</targetCountAdjustment>		
      <recipeUsers>
        <li>MedTimes_StoneQuarry</li>	  
      </recipeUsers>		  
		<products><MedTimes_Resource_Coal>25</MedTimes_Resource_Coal></products>	
	</RecipeDef>

 <!-- Stone Chunks Base Class --> 
	<RecipeDef Name="MedTimes_StoneQuarryBase" Abstract="True">
		<description>Cuts rock chunks into usable stone blocks.</description>
		<workSpeedStat>MiningSpeed</workSpeedStat>
		<workSkill>Mining</workSkill>
		<workSkillLearnFactor>0.25</workSkillLearnFactor>
		<effectWorking>CutStone</effectWorking>
		<soundWorking>Recipe_MakeStoneBlocks</soundWorking>
			<recipeUsers>
				<li>MedTimes_StoneQuarry</li>	  
			</recipeUsers>	
	</RecipeDef>
  
  
 <!-- Stone Chunks: Sandstone --> 
 	<RecipeDef ParentName="MedTimes_StoneQuarryBase">
		<defName>MedTimes_MakeStoneChunks_Sandstone</defName>
		<workAmount>2250</workAmount>		
		<label>Gather Sandstone Chunks</label>
		<jobString>Mining for Sandstone Chunk.</jobString>
    <products>
      <ChunkSandstone>1</ChunkSandstone>
    </products>		
  </RecipeDef> 

 <!-- Stone Chunks: Granite --> 
 	<RecipeDef ParentName="MedTimes_StoneQuarryBase">
		<defName>MedTimes_MakeStoneChunks_Granite</defName>
		<workAmount>2975</workAmount>		
		<label>Gather Granite Chunks</label>
		<jobString>Mining for Granite Chunk.</jobString>
    <products>
      <ChunkGranite>1</ChunkGranite>
    </products>		
  </RecipeDef> 

  <!-- Stone Chunks: Limestone --> 
 	<RecipeDef ParentName="MedTimes_StoneQuarryBase">
		<defName>MedTimes_MakeStoneChunks_Limestone</defName>
		<workAmount>2700</workAmount>		
		<label>Gather Limestone Chunks</label>
		<jobString>Mining for Limestone Chunk.</jobString>
    <products>
      <ChunkLimestone>1</ChunkLimestone>
    </products>		
  </RecipeDef> 

   <!-- Stone Chunks: Slate --> 
 	<RecipeDef ParentName="MedTimes_StoneQuarryBase">
		<defName>MedTimes_MakeStoneChunks_Slate</defName>
		<workAmount>2275</workAmount>		
		<label>Gather Slate Chunks</label>
		<jobString>Mining for Slate Chunk.</jobString>
    <products>
      <ChunkSlate>1</ChunkSlate>
    </products>		
  </RecipeDef>   
  
   <!-- Stone Chunks: Marble --> 
 	<RecipeDef ParentName="MedTimes_StoneQuarryBase">
		<defName>MedTimes_MakeStoneChunks_Marble</defName>
		<workAmount>2100</workAmount>		
		<label>Gather Marble Chunks</label>
		<jobString>Mining for Marble Chunk.</jobString>
    <products>
      <ChunkMarble>1</ChunkMarble>
    </products>		
  </RecipeDef>  
  
</Defs>