<?xml version="1.0" encoding="utf-8" ?>

<Patch>
   
<!-- ========== Tier II Advanced Tab Movement ========== -->

   <Operation Class="PatchOperationAdd">
		<xpath>/Defs/ResearchProjectDef[defName = "GoJuiceProduction"]</xpath>
		<value>
			<tab>AdvancedTech</tab>			
		</value>
   </Operation>
   
   <Operation Class="PatchOperationAdd">
		<xpath>/Defs/ResearchProjectDef[defName = "PenoxycylineProduction"]</xpath>
		<value>
			<tab>AdvancedTech</tab>			
		</value>
   </Operation>
   
   <Operation Class="PatchOperationAdd">
		<xpath>/Defs/ResearchProjectDef[defName = "WakeUpProduction"]</xpath>
		<value>
			<tab>AdvancedTech</tab>			
		</value>
   </Operation>
 
   <Operation Class="PatchOperationAdd">
		<xpath>/Defs/ResearchProjectDef[defName = "SolarPanels"]</xpath>
		<value>
			<tab>AdvancedTech</tab>			
		</value>
   </Operation>
   
   <Operation Class="PatchOperationAdd">
		<xpath>/Defs/ResearchProjectDef[defName = "AirConditioning"]</xpath>
		<value>
			<tab>AdvancedTech</tab>			
		</value>
   </Operation>
   
   <Operation Class="PatchOperationAdd">
		<xpath>/Defs/ResearchProjectDef[defName = "SmokepopBelt"]</xpath>
		<value>
			<tab>AdvancedTech</tab>			
		</value>
   </Operation>
   
   <Operation Class="PatchOperationAdd">
		<xpath>/Defs/ResearchProjectDef[defName = "MicroelectronicsBasics"]</xpath>
		<value>
			<tab>AdvancedTech</tab>			
		</value>
   </Operation>
   
   <Operation Class="PatchOperationAdd">
		<xpath>/Defs/ResearchProjectDef[defName = "TubeTelevision"]</xpath>
		<value>
			<tab>AdvancedTech</tab>			
		</value>
   </Operation>
   
   <Operation Class="PatchOperationAdd">
		<xpath>/Defs/ResearchProjectDef[defName = "Autodoors"]</xpath>
		<value>
			<tab>AdvancedTech</tab>			
		</value>
   </Operation>
   
   <Operation Class="PatchOperationAdd">
		<xpath>/Defs/ResearchProjectDef[defName = "NutrientPaste"]</xpath>
		<value>
			<tab>AdvancedTech</tab>			
		</value>
   </Operation>
   
   <Operation Class="PatchOperationAdd">
		<xpath>/Defs/ResearchProjectDef[defName = "Hydroponics"]</xpath>
		<value>
			<tab>AdvancedTech</tab>			
		</value>
   </Operation>
   
   <Operation Class="PatchOperationAdd">
		<xpath>/Defs/ResearchProjectDef[defName = "PackagedSurvivalMeal"]</xpath>
		<value>
			<tab>AdvancedTech</tab>			
		</value>
   </Operation>
   
   <Operation Class="PatchOperationAdd">
		<xpath>/Defs/ResearchProjectDef[defName = "IEDs"]</xpath>
		<value>
			<tab>AdvancedTech</tab>			
		</value>
   </Operation>
   
   <Operation Class="PatchOperationAdd">
		<xpath>/Defs/ResearchProjectDef[defName = "IEDIncendiary"]</xpath>
		<value>
			<tab>AdvancedTech</tab>			
		</value>
   </Operation>
   
   <Operation Class="PatchOperationAdd">
		<xpath>/Defs/ResearchProjectDef[defName = "Mortars"]</xpath>
		<value>
			<tab>AdvancedTech</tab>			
		</value>
   </Operation>
   
   <Operation Class="PatchOperationAdd">
		<xpath>/Defs/ResearchProjectDef[defName = "BlowbackOperation"]</xpath>
		<value>
			<tab>AdvancedTech</tab>			
		</value>
   </Operation>
   
   <Operation Class="PatchOperationAdd">
		<xpath>/Defs/ResearchProjectDef[defName = "GasOperation"]</xpath>
		<value>
			<tab>AdvancedTech</tab>			
		</value>
   </Operation>
   
   <Operation Class="PatchOperationAdd">
		<xpath>/Defs/ResearchProjectDef[defName = "PrecisionRifling"]</xpath>
		<value>
			<tab>AdvancedTech</tab>			
		</value>
   </Operation>
   
<!-- ========== Tier III Advanced Tab Movement ========== -->
   
   <Operation Class="PatchOperationAdd">
		<xpath>/Defs/ResearchProjectDef[defName = "Firefoam"]</xpath>
		<value>
			<tab>AdvancedTech</tab>			
		</value>
   </Operation>
   
   <Operation Class="PatchOperationAdd">
		<xpath>/Defs/ResearchProjectDef[defName = "MoisturePump"]</xpath>
		<value>
			<tab>AdvancedTech</tab>			
		</value>
   </Operation>
   
   <Operation Class="PatchOperationAdd">
		<xpath>/Defs/ResearchProjectDef[defName = "GeothermalPower"]</xpath>
		<value>
			<tab>AdvancedTech</tab>			
		</value>
   </Operation>
   
   <Operation Class="PatchOperationAdd">
		<xpath>/Defs/ResearchProjectDef[defName = "TransportPod"]</xpath>
		<value>
			<tab>AdvancedTech</tab>			
		</value>
   </Operation>
   
   <Operation Class="PatchOperationAdd">
		<xpath>/Defs/ResearchProjectDef[defName = "MultiAnalyzer"]</xpath>
		<value>
			<tab>AdvancedTech</tab>			
		</value>
   </Operation>
   
   <Operation Class="PatchOperationAdd">
		<xpath>/Defs/ResearchProjectDef[defName = "LongRangeMineralScanner"]</xpath>
		<value>
			<tab>AdvancedTech</tab>			
		</value>
   </Operation>
   
<!-- ========== Tier IV Advanced Tab Movement ========== -->
   
   <Operation Class="PatchOperationAdd">
		<xpath>/Defs/ResearchProjectDef[defName = "GroundPenetratingScanner"]</xpath>
		<value>
			<tab>AdvancedTech</tab>			
		</value>
   </Operation>
   
   <Operation Class="PatchOperationAdd">
		<xpath>/Defs/ResearchProjectDef[defName = "DeepDrilling"]</xpath>
		<value>
			<tab>AdvancedTech</tab>			
		</value>
   </Operation>
   
   <Operation Class="PatchOperationAdd">
		<xpath>/Defs/ResearchProjectDef[defName = "VitalsMonitor"]</xpath>
		<value>
			<tab>AdvancedTech</tab>			
		</value>
   </Operation>
   
   <Operation Class="PatchOperationAdd">
		<xpath>/Defs/ResearchProjectDef[defName = "ComponentAssembly"]</xpath>
		<value>
			<tab>AdvancedTech</tab>			
		</value>
   </Operation>
   
<Operation Class="PatchOperationSequence">
  <success>Always</success>
  <operations>
    <li Class="PatchOperationAdd">
    <xpath>/Defs/ResearchProjectDef[defName = "MultibarrelWeapons"]</xpath>
		<value>
			<tab>AdvancedTech</tab>	
		</value>
    </li>
  </operations>
</Operation>
   
   <Operation Class="PatchOperationAdd">
		<xpath>/Defs/ResearchProjectDef[defName = "Cryptosleep"]</xpath>
		<value>
			<tab>AdvancedTech</tab>			
		</value>
   </Operation>
   
   <Operation Class="PatchOperationAdd">
		<xpath>/Defs/ResearchProjectDef[defName = "PoweredArmor"]</xpath>
		<value>
			<tab>AdvancedTech</tab>			
		</value>
   </Operation>
   
   <Operation Class="PatchOperationAdd">
		<xpath>/Defs/ResearchProjectDef[defName = "ShieldBelt"]</xpath>
		<value>
			<tab>AdvancedTech</tab>			
		</value>
   </Operation>
   
   <Operation Class="PatchOperationAdd">
		<xpath>/Defs/ResearchProjectDef[defName = "ChargedShot"]</xpath>
		<value>
			<tab>AdvancedTech</tab>			
		</value>
   </Operation>
   
<!-- ========== Tier IV (Ship) Advanced Tab Movement ========== -->
   
   <Operation Class="PatchOperationAdd">
		<xpath>/Defs/ResearchProjectDef[defName = "ShipBasics"]</xpath>
		<value>
			<tab>AdvancedTech</tab>			
		</value>
   </Operation>
   
   <Operation Class="PatchOperationAdd">
		<xpath>/Defs/ResearchProjectDef[defName = "ShipCryptosleep"]</xpath>
		<value>
			<tab>AdvancedTech</tab>			
		</value>
   </Operation>

   <Operation Class="PatchOperationAdd">
		<xpath>/Defs/ResearchProjectDef[defName = "ShipReactor"]</xpath>
		<value>
			<tab>AdvancedTech</tab>			
		</value>
   </Operation>
   
   <Operation Class="PatchOperationAdd">
		<xpath>/Defs/ResearchProjectDef[defName = "ShipEngine"]</xpath>
		<value>
			<tab>AdvancedTech</tab>			
		</value>
   </Operation>

   <Operation Class="PatchOperationAdd">
		<xpath>/Defs/ResearchProjectDef[defName = "ShipComputerCore"]</xpath>
		<value>
			<tab>AdvancedTech</tab>			
		</value>
   </Operation> 
   
   <Operation Class="PatchOperationAdd">
		<xpath>/Defs/ResearchProjectDef[defName = "ShipSensorCluster"]</xpath>
		<value>
			<tab>AdvancedTech</tab>			
		</value>
   </Operation> 
   
</Patch>